{
    "listData": [
        {"title": "测试List", "url": "https://www.baidu.com/"},
        {"title": "测试List", "url": "https://www.baidu.com/"},
        {"title": "测试List", "url": "https://www.baidu.com/"},
        {"title": "测试List", "url": "https://www.baidu.com/"},
        {"title": "测试List", "url": "https://www.baidu.com/"},
        {"title": "测试List", "url": "https://www.baidu.com/"},
        {"title": "测试List", "url": "https://www.baidu.com/"},
        {"title": "测试List", "url": "https://www.baidu.com/"},
        {"title": "测试List", "url": "https://www.baidu.com/"},
        {"title": "测试List", "url": "https://www.baidu.com/"},
        {"title": "测试List", "url": "https://www.baidu.com/"},
        {"title": "测试List", "url": "https://www.baidu.com/"},
        {"title": "测试List", "url": "https://www.baidu.com/"},
        {"title": "测试List", "url": "https://www.baidu.com/"},
        {"title": "测试List", "url": "https://www.baidu.com/"},
        {"title": "测试List", "url": "https://www.baidu.com/"}
    ]
}